{
  "kind": "books#volume",
  "id": "EIZPEAAAQBAJ",
  "etag": "6APFMkLnz9w",
  "selfLink": "https://www.googleapis.com/books/v1/volumes/EIZPEAAAQBAJ",
  "volumeInfo": {
    "title": "A Field Guide to Cows",
    "subtitle": "How to Identify and Appreciate America's 52 Breeds",
    "authors": [
      "John Pukite"
    ],
    "publisher": "Penguin",
    "publishedDate": "1998-05-01",
    "description": "In \u003cb\u003eA Field Guide to Cows\u003c/b\u003e, John Pukite provides all the facts-so even the novice can identify and get to know America's fifty-two breeds of cattle. Every entry in this entertaining yet completely usable book features an illustration that highlights each breed's most easily identifiable traits, such as coloration pattern and body shape. The book includes a checklist of breeds so the die-hard cow watcher can keep track of sightings, a list of essential garb and gear for cow watching, a glossary of terms, a listing of breeder associations, and more. Fascinating cow trivia is interspersed throughout. Informative, amazing, and amusing, \u003cb\u003eA Field Guide to Cows\u003c/b\u003e is the indispensable companion for would-be cow tippers, farmers, city folk, agriculturalists, interstate drivers, 4-H'ers, vacationing families, and everyone who likes to moo at cows.\u003cp\u003e\u003cbr\u003eCow Facts\u003c/p\u003e\u003cul\u003e\u003cli\u003eThere are approximately 350 squirts in a gallon of milk\u003c/li\u003e\u003cli\u003eOld cows in India have their own nursing homes\u003c/li\u003e\u003cli\u003eFrom 1866 to 1895 cowboys drove about 10,000,000 cattle out of Texas\u003c/li\u003e\u003c/ul\u003e",
    "industryIdentifiers": [
      {
        "type": "ISBN_10",
        "identifier": "0140273883"
      },
      {
        "type": "ISBN_13",
        "identifier": "9780140273885"
      }
    ],
    "readingModes": {
      "text": true,
      "image": false
    },
    "pageCount": 144,
    "printedPageCount": 144,
    "dimensions": {
      "height": "21.00 cm",
      "width": "19.00 cm",
      "thickness": "0.90 cm"
    },
    "printType": "BOOK",
    "categories": [
      "Nature / Animals / Mammals",
      "Humor / Topic / Animals",
      "Reference / Personal & Practical Guides"
    ],
    "averageRating": 4.5,
    "ratingsCount": 2,
    "maturityRating": "NOT_MATURE",
    "allowAnonLogging": false,
    "contentVersion": "preview-1.0.0",
    "panelizationSummary": {
      "containsEpubBubbles": false,
      "containsImageBubbles": false
    },
    "imageLinks": {
      "smallThumbnail": "http://books.google.com/books/publisher/content?id=EIZPEAAAQBAJ&printsec=frontcover&img=1&zoom=5&imgtk=AFLRE72T77A8S7L8FI6jB-6WZzhSiQNxkwjuxWezZ70whT64Z8xGltR5f-1BJDTb48_Ad2r0GXnBvEIq6VnTEcWkQ_EEx0myGhpe7j27J8N0GWMHN_iAIr55B6NQ1QIeGBdNcbet0xGE&source=gbs_api",
      "thumbnail": "http://books.google.com/books/publisher/content?id=EIZPEAAAQBAJ&printsec=frontcover&img=1&zoom=1&imgtk=AFLRE73PtdRw_vpoX9N8luYyNpaqD1YAozJaHZvZGo2nSybAp8U_eS7oOu8AXivJ-WycvXLVjjiU7vw3cJbaFLx-M79CnumA9sM3xXna1IIvR7oh8S2Wh2D8jLJGvXWgpDhhAtFwnzKV&source=gbs_api"
    },
    "language": "en",
    "previewLink": "http://books.google.com/books?id=EIZPEAAAQBAJ&hl=&source=gbs_api",
    "infoLink": "https://play.google.com/store/books/details?id=EIZPEAAAQBAJ&source=gbs_api",
    "canonicalVolumeLink": "https://play.google.com/store/books/details?id=EIZPEAAAQBAJ"
  },
  "saleInfo": {
    "country": "US",
    "saleability": "NOT_FOR_SALE",
    "isEbook": false
  },
  "accessInfo": {
    "country": "US",
    "viewability": "NO_PAGES",
    "embeddable": false,
    "publicDomain": false,
    "textToSpeechPermission": "ALLOWED",
    "epub": {
      "isAvailable": false
    },
    "pdf": {
      "isAvailable": false
    },
    "webReaderLink": "http://play.google.com/books/reader?id=EIZPEAAAQBAJ&hl=&printsec=frontcover&source=gbs_api",
    "accessViewStatus": "NONE",
    "quoteSharingAllowed": false
  }
}
