{
  "kind": "books#volume",
  "id": "i-ufll56ZZ8C",
  "etag": "dCFrUBXJkbw",
  "selfLink": "https://www.googleapis.com/books/v1/volumes/i-ufll56ZZ8C",
  "volumeInfo": {
    "title": "Amazing Cows",
    "subtitle": "Udder Absurdity for Children",
    "authors": [
      "Sandra Boynton"
    ],
    "publisher": "Workman Publishing",
    "publishedDate": "2010-11-18",
    "description": "From Sandra Boynton—as it could only come from Boynton—an inventive exuberant jumble of a book for the young reader. \u003ci\u003eAmazing Cows\u003c/i\u003e is a picture book, a storybook, a book of fun and games—it’s all those things in one. Plus it even includes a startling recording of Maurice Ravel’s “Bolero Completely Unraveled for Orchestra and Kazoos” performed by Sandra Boynton & The Highly Irritating Orchestra, for download. (Running time is 17:14, but seems MUCH longer.)\u003cbr\u003e\u003cbr\u003e A work of pure obsession, \u003ci\u003eAmazing Cows\u003c/i\u003e celebrates cows and offbeat cowness with a miscellany of cow stories, cow poems, cow jokes, and other bovine ephemera. Along the way, expect lively guest appearances by ducks, pigs, and excessive numbers of chickens. There’s a song: \"It Had to Be Moo.\" A game: \"Find the Hidden Cows.\" Famous Barnyard Composers (surely you’ve heard of Wolfgang Amadeus Moozart and Johann Sebastian Bockbockbock). Knock-knock jokes, a cow myth, and an Amazing Cow comic-book adventure: \"Trouble on Zebblor 7.\" Cow fashion. Cow Limericks. How to Speak Cow. Plus so much mooer.\u003cbr\u003e\u003cbr\u003e\u003ci\u003eAmazing Cows\u003c/i\u003e is full-color, 96 pages long, and packed with the kind of silly fun that young readers adore, especially when they can read it to themselves—and then read it to their parents, and then to their little brothers, and then to the family dog. Or the family cow.\u003cbr\u003e  ",
    "industryIdentifiers": [
      {
        "type": "ISBN_10",
        "identifier": "0761162143"
      },
      {
        "type": "ISBN_13",
        "identifier": "9780761162148"
      }
    ],
    "readingModes": {
      "text": false,
      "image": true
    },
    "pageCount": 96,
    "printedPageCount": 92,
    "dimensions": {
      "height": "25.00 cm",
      "width": "20.30 cm",
      "thickness": "1.00 cm"
    },
    "printType": "BOOK",
    "categories": [
      "Juvenile Nonfiction / Animals / Farm Animals",
      "Juvenile Nonfiction / Animals / Cows",
      "Juvenile Nonfiction / Games & Activities / General"
    ],
    "averageRating": 4,
    "ratingsCount": 1,
    "maturityRating": "NOT_MATURE",
    "allowAnonLogging": false,
    "contentVersion": "0.6.1.0.preview.1",
    "panelizationSummary": {
      "containsEpubBubbles": false,
      "containsImageBubbles": false
    },
    "imageLinks": {
      "smallThumbnail": "http://books.google.com/books/content?id=i-ufll56ZZ8C&printsec=frontcover&img=1&zoom=5&edge=curl&imgtk=AFLRE71kOdkMurvx3Q0en9eYqyPu8XP0jC4DRJEhATD_MUikK4yyE5yRJ9tC-YJbl50d1rI_vFeBpZ9vCVjflqau9y58xqa1CyVRdV-hLmT_ZMNRkGg38c3WXptsu6v5gW2LxGn59sEP&source=gbs_api",
      "thumbnail": "http://books.google.com/books/content?id=i-ufll56ZZ8C&printsec=frontcover&img=1&zoom=1&edge=curl&imgtk=AFLRE71Zskr3YKiJdLss2Kns9TKMSlYU_BvfkR8dAWHlP63UybwUv5CGNDjWj1nLQaTRIOeGE-1RHBugTksT_2dOhWjrzjvmDqQFe90GtZnOqlLxqIXCOzW2pCO36xr4HH3igm60xewQ&source=gbs_api",
      "small": "http://books.google.com/books/content?id=i-ufll56ZZ8C&printsec=frontcover&img=1&zoom=2&edge=curl&imgtk=AFLRE72mXB8K6CVa1eCiTtY50GFi3jqhjXlSnRhJnh7_L0mrXlxMT_nVPxwW9ZNixWTDOxiiBVB0uy0nWNOSC0HVDlcPqHuiSyw4wrGBDBCeyimEJxi8J3yiCfY8KG84jsdtvBFpskCE&source=gbs_api",
      "medium": "http://books.google.com/books/content?id=i-ufll56ZZ8C&printsec=frontcover&img=1&zoom=3&edge=curl&imgtk=AFLRE71dHLbCwc7liFT41AEEfo4KVeYp53iKpMAB0QGbl20s5elOyBAGzzDScM6xY2Uf_dSOncSW2AijKWpLirLtmKZxEhxADoLbjwL33aCJH08uZnuI8YURm0hK9ukYVKv55g6hIHCI&source=gbs_api",
      "large": "http://books.google.com/books/content?id=i-ufll56ZZ8C&printsec=frontcover&img=1&zoom=4&edge=curl&imgtk=AFLRE705ShJRYI0yCHn2IM37Yu9tjDRjtgXv_-vkd-L5cPh7WQN5ugg3_BVmbruq31q-KK0vuOlSEqEY8_Pbrw_B_9ws7aMrV1CrsKY-Mc4zuBA7n4zEI_vjm9h-0rJtS9MlM6sY-eQU&source=gbs_api"
    },
    "language": "en",
    "previewLink": "http://books.google.com/books?id=i-ufll56ZZ8C&hl=&source=gbs_api",
    "infoLink": "https://play.google.com/store/books/details?id=i-ufll56ZZ8C&source=gbs_api",
    "canonicalVolumeLink": "https://play.google.com/store/books/details?id=i-ufll56ZZ8C"
  },
  "saleInfo": {
    "country": "US",
    "saleability": "NOT_FOR_SALE",
    "isEbook": false
  },
  "accessInfo": {
    "country": "US",
    "viewability": "PARTIAL",
    "embeddable": true,
    "publicDomain": false,
    "textToSpeechPermission": "ALLOWED",
    "epub": {
      "isAvailable": false
    },
    "pdf": {
      "isAvailable": false
    },
    "webReaderLink": "http://play.google.com/books/reader?id=i-ufll56ZZ8C&hl=&printsec=frontcover&source=gbs_api",
    "accessViewStatus": "SAMPLE",
    "quoteSharingAllowed": false
  }
}
