{
	"info": {
		"_postman_id": "3f67efa0-995f-496f-a583-8c0c5f2df1f0",
		"name": "Google Books Cow Collection",
		"schema": "https://schema.getpostman.com/json/collection/v2.1.0/collection.json"
	},
	"item": [
		{
			"name": "A Field Guide to Cows",
			"request": {
				"method": "GET",
				"header": [],
				"url": {
					"raw": "https://www.googleapis.com/books/v1/volumes/EIZPEAAAQBAJ",
					"protocol": "https",
					"host": [
						"www",
						"googleapis",
						"com"
					],
					"path": [
						"books",
						"v1",
						"volumes",
						"EIZPEAAAQBAJ"
					]
				}
			},
			"response": []
		},
		{
			"name": "The Secret Life of Cows",
			"request": {
				"method": "GET",
				"header": [],
				"url": {
					"raw": "https://www.googleapis.com/books/v1/volumes/rJHqDwAAQBAJ",
					"protocol": "https",
					"host": [
						"www",
						"googleapis",
						"com"
					],
					"path": [
						"books",
						"v1",
						"volumes",
						"rJHqDwAAQBAJ"
					]
				}
			},
			"response": []
		},
		{
			"name": "Cows",
			"request": {
				"method": "GET",
				"header": [],
				"url": {
					"raw": "https://www.googleapis.com/books/v1/volumes/FRYhjwEACAAJ",
					"protocol": "https",
					"host": [
						"www",
						"googleapis",
						"com"
					],
					"path": [
						"books",
						"v1",
						"volumes",
						"FRYhjwEACAAJ"
					]
				}
			},
			"response": []
		},
		{
			"name": "Cows, Pigs, Wars & Witches",
			"request": {
				"method": "GET",
				"header": [],
				"url": {
					"raw": "https://www.googleapis.com/books/v1/volumes/KumAWXT5n50C",
					"protocol": "https",
					"host": [
						"www",
						"googleapis",
						"com"
					],
					"path": [
						"books",
						"v1",
						"volumes",
						"KumAWXT5n50C"
					]
				}
			},
			"response": []
		},
		{
			"name": "Amazing Cows",
			"request": {
				"method": "GET",
				"header": [],
				"url": {
					"raw": "https://www.googleapis.com/books/v1/volumes/i-ufll56ZZ8C",
					"protocol": "https",
					"host": [
						"www",
						"googleapis",
						"com"
					],
					"path": [
						"books",
						"v1",
						"volumes",
						"i-ufll56ZZ8C"
					]
				}
			},
			"response": []
		}
	]
}