{
  "kind": "books#volume",
  "id": "KumAWXT5n50C",
  "etag": "JkwD7BBcjts",
  "selfLink": "https://www.googleapis.com/books/v1/volumes/KumAWXT5n50C",
  "volumeInfo": {
    "title": "Cows, Pigs, Wars & Witches",
    "subtitle": "The Riddles of Culture",
    "authors": [
      "Marvin Harris"
    ],
    "publisher": "Vintage Books",
    "publishedDate": "1989",
    "description": "This book challenges those who argue that we can change the world by changing the way people think. Harris shows that no matter how bizarre a people's behavior may seem, it always stems from concrete social and economic conditions.",
    "industryIdentifiers": [
      {
        "type": "ISBN_10",
        "identifier": "0679724680"
      },
      {
        "type": "ISBN_13",
        "identifier": "9780679724681"
      }
    ],
    "readingModes": {
      "text": false,
      "image": false
    },
    "pageCount": 276,
    "printedPageCount": 290,
    "dimensions": {
      "height": "21.00 cm",
      "width": "13.40 cm",
      "thickness": "2.00 cm"
    },
    "printType": "BOOK",
    "categories": [
      "Social Science / Anthropology / Cultural & Social",
      "Social Science / Customs & Traditions"
    ],
    "maturityRating": "NOT_MATURE",
    "allowAnonLogging": false,
    "contentVersion": "0.2.1.0.preview.0",
    "panelizationSummary": {
      "containsEpubBubbles": false,
      "containsImageBubbles": false
    },
    "imageLinks": {
      "smallThumbnail": "http://books.google.com/books/content?id=KumAWXT5n50C&printsec=frontcover&img=1&zoom=5&edge=curl&imgtk=AFLRE73XGt0Hs0LdHzn_bE30g2ZnEcNJDP2CxH2ihFShtFEKFl-VlqLRX34HL6TXtXFIoRoYGwGWpLqfLbFYvTt3IRVqFE91QRavLXMcJ-8c3O1Rx9vj_v67mmwcqtBbH99rZgMyc_4Q&source=gbs_api",
      "thumbnail": "http://books.google.com/books/content?id=KumAWXT5n50C&printsec=frontcover&img=1&zoom=1&edge=curl&imgtk=AFLRE72BaVWWXwqfKVUDHlPUik_spYmpBpcOBKQB_1n8Pl7l6Oe9VZwssWVMKCJ4lKI8urghnTziclBCllaogLp-voRa498RO2JKPTi570iWzbP3OJwpmLjloQVuxtbj1jFn0hBj2es5&source=gbs_api",
      "small": "http://books.google.com/books/content?id=KumAWXT5n50C&printsec=frontcover&img=1&zoom=2&edge=curl&imgtk=AFLRE70kjHARAUowGyTUfPbAoeuhifqACOoT-kMRGSCc46sVefaIrrPgJrOSeKb1CHgRBoq39js21w23ItKbriMTEMqYLFp5p4_B9972b6lUa2TqQRAbK7TqMtFg9s__c7SYZ9MbGdge&source=gbs_api",
      "medium": "http://books.google.com/books/content?id=KumAWXT5n50C&printsec=frontcover&img=1&zoom=3&edge=curl&imgtk=AFLRE72GFWnMZAgf3svhgyF4QCiDnraCFcodzHFHkVMNfEAP2TXhCrT0b_f1BWz8QMB-CZdUI0jS-L5u3qV6HCfHLd264-ddEspoJNcptjyFeu6yb4Ng01d7XpVf6fCVsPBqi3fNNm2V&source=gbs_api",
      "large": "http://books.google.com/books/content?id=KumAWXT5n50C&printsec=frontcover&img=1&zoom=4&edge=curl&imgtk=AFLRE71JVHC52QzbzWJ9N3Rr32JOujOsk5I7Y8tB7NqoTsN88iWbl0cfvWv-xvHs1Pb_MYwo6SqhVz07sG3KSXkIoq6IW2PKt5633qm2Sa_CkYJFj9NWsG5of0UpP-9hvUexCrnWBNpF&source=gbs_api"
    },
    "language": "en",
    "previewLink": "http://books.google.com/books?id=KumAWXT5n50C&hl=&source=gbs_api",
    "infoLink": "https://play.google.com/store/books/details?id=KumAWXT5n50C&source=gbs_api",
    "canonicalVolumeLink": "https://play.google.com/store/books/details?id=KumAWXT5n50C"
  },
  "saleInfo": {
    "country": "US",
    "saleability": "NOT_FOR_SALE",
    "isEbook": false
  },
  "accessInfo": {
    "country": "US",
    "viewability": "PARTIAL",
    "embeddable": true,
    "publicDomain": false,
    "textToSpeechPermission": "ALLOWED",
    "epub": {
      "isAvailable": false
    },
    "pdf": {
      "isAvailable": false
    },
    "webReaderLink": "http://play.google.com/books/reader?id=KumAWXT5n50C&hl=&printsec=frontcover&source=gbs_api",
    "accessViewStatus": "SAMPLE",
    "quoteSharingAllowed": false
  }
}
