{
  "kind": "books#volume",
  "id": "FRYhjwEACAAJ",
  "etag": "VkbHnKJpIFc",
  "selfLink": "https://www.googleapis.com/books/v1/volumes/FRYhjwEACAAJ",
  "volumeInfo": {
    "title": "Cows",
    "authors": [
      "Matthew Stokoe"
    ],
    "publisher": "Matthew Stokoe",
    "publishedDate": "2015-10-31",
    "description": "One of the most outrageous, original and insightful books ever written on the subject of alienation and societal decay, COWS is a violent, blood-soaked nightmare - a tale of love, self-empowerment and talking cows. Hailed around the world as a cult classic, Matthew Stokoe's novel set the bar for gritty urban horror. \"If you enjoy the sensation of your jaw dropping to the floor in a combination of stupefaction, hilarity, and shock, Cows is your book. Matthew Stokoe has written a novel like no other I've ever read--appalling, funny, and possessed of a sense of outre violence that makes Joris-Karl Huysmans read like Louisa May Alcott.\" --Scott Phillips, author of The Ice Harvest \"Word is out that COWS is every bit as dark and deranged as Iain Banks' classic The Wasp Factory. It's not: it's even more so. Possibly the most visceral novel ever written.\" --Kerrang! \"Do you like cows? Do you have even a tinge of faith in the goodness of man? If so, skip this relentlessly violent survey of some taboos you've heard of, and hopefully, a few new ones that would never occur to you. ... a phantasmagoria of extreme violence, death, sex, bestiality, self-surgery, torture, and a really, really, really bad mother-son relationship, all of which takes what the marquis de Sade did and pushes it down the road a little farther. Stokoe is an able craftsman, which makes the content all the more horrifying as he blasts through boundaries and finds increasingly twisted ways of making readers squirm.\" --Publishers Weekly",
    "industryIdentifiers": [
      {
        "type": "ISBN_10",
        "identifier": "0987453661"
      },
      {
        "type": "ISBN_13",
        "identifier": "9780987453662"
      }
    ],
    "readingModes": {
      "text": false,
      "image": false
    },
    "pageCount": 216,
    "printedPageCount": 216,
    "dimensions": {
      "height": "20.30 cm",
      "width": "12.70 cm",
      "thickness": "1.20 cm"
    },
    "printType": "BOOK",
    "averageRating": 3,
    "ratingsCount": 5,
    "maturityRating": "NOT_MATURE",
    "allowAnonLogging": false,
    "contentVersion": "preview-1.0.0",
    "panelizationSummary": {
      "containsEpubBubbles": false,
      "containsImageBubbles": false
    },
    "imageLinks": {
      "smallThumbnail": "http://books.google.com/books/content?id=FRYhjwEACAAJ&printsec=frontcover&img=1&zoom=5&imgtk=AFLRE73KK6C2WlOPPJcw7YGSVFvCru3KHutuEbffwAv-hRHRRrQ_m2T_F1NfcbhSEghWt_Inffqc3yb-XJwiqccoagcmiJoHEiiSY5oVKsAGUQOGiY9jiGKbsjSDRUYHWWJ8eAFiPce_&source=gbs_api",
      "thumbnail": "http://books.google.com/books/content?id=FRYhjwEACAAJ&printsec=frontcover&img=1&zoom=1&imgtk=AFLRE71nSD6n2GBON6cWq49ofMNnG7HILzVOn5MecWyhrKk8Ye04qkttLE1xQIK9VC7sa_dMX9dRWvVMVUiwuV_0ljnHWbeWn1YYcOg31PV1JVY-u5amfQNkjCPJtysddL0abT5xq8Se&source=gbs_api"
    },
    "language": "en",
    "previewLink": "http://books.google.com/books?id=FRYhjwEACAAJ&hl=&source=gbs_api",
    "infoLink": "https://play.google.com/store/books/details?id=FRYhjwEACAAJ&source=gbs_api",
    "canonicalVolumeLink": "https://play.google.com/store/books/details?id=FRYhjwEACAAJ"
  },
  "saleInfo": {
    "country": "US",
    "saleability": "NOT_FOR_SALE",
    "isEbook": false
  },
  "accessInfo": {
    "country": "US",
    "viewability": "NO_PAGES",
    "embeddable": false,
    "publicDomain": false,
    "textToSpeechPermission": "ALLOWED",
    "epub": {
      "isAvailable": false
    },
    "pdf": {
      "isAvailable": false
    },
    "webReaderLink": "http://play.google.com/books/reader?id=FRYhjwEACAAJ&hl=&printsec=frontcover&source=gbs_api",
    "accessViewStatus": "NONE",
    "quoteSharingAllowed": false
  }
}
