{
  "kind": "books#volume",
  "id": "rJHqDwAAQBAJ",
  "etag": "Doxy9qgpzc8",
  "selfLink": "https://www.googleapis.com/books/v1/volumes/rJHqDwAAQBAJ",
  "volumeInfo": {
    "title": "The Secret Life of Cows",
    "authors": [
      "Rosamund Young"
    ],
    "publisher": "Penguin",
    "publishedDate": "2020-07-07",
    "description": "\u003cb\u003e\u003cb\u003e\"Within a day of receiving this book, I had consumed it... Absorbing, moving, and compulsively readable.\"—Lydia Davis\u003c/b\u003e\u003cbr\u003e\u003cbr\u003e\u003cb\u003eIn this affectionate, heart-warming chronicle, Rosamund Young distills a lifetime of organic farming wisdom, describing the surprising personalities of her cows and other animals\u003c/b\u003e\u003c/b\u003e\u003cbr\u003e\u003cbr\u003eAt her famous Kite's Nest Farm in Worcestershire, England, the cows (as well as sheep, hens, and pigs) all roam free. They make their own choices about rearing, grazing, and housing. Left to be themselves, the cows exhibit temperaments and interests as diverse as our own. \"Fat Hat\" prefers men to women; \"Chippy Minton\" refuses to sleep with muddy legs and always reports to the barn for grooming before bed; \"Jake\" has a thing for sniffing the carbon monoxide fumes of the Land Rover exhaust pipe; and \"Gemima\" greets all humans with an angry shake of the head and is fiercely independent.\u003cbr\u003e\u003cbr\u003eAn organic farmer for decades, Young has an unaffected and homely voice. Her prose brims with genuine devotion to the wellbeing of animals. Most of us never apprehend the various inner lives animals possess, least of all those that we might eat. But Young has spent countless hours observing how these creatures love, play games, and form life-long friendships. She imparts hard-won wisdom about the both moral and real-world benefits of organic farming. (If preserving the dignity of animals isn't a good enough reason for you, consider how badly factory farming stunts the growth of animals, producing unhealthy and tasteless food.)\u003cbr\u003e\u003cbr\u003eThis gorgeously-illustrated book, which includes an original introduction by the legendary British playwright Alan Bennett, is the summation of a life's work, and a delightful and moving tribute to the deep richness of animal sentience.",
    "industryIdentifiers": [
      {
        "type": "ISBN_10",
        "identifier": "0525557334"
      },
      {
        "type": "ISBN_13",
        "identifier": "9780525557333"
      }
    ],
    "readingModes": {
      "text": false,
      "image": false
    },
    "pageCount": 160,
    "printedPageCount": 162,
    "dimensions": {
      "height": "19.00 cm",
      "width": "13.30 cm",
      "thickness": "1.00 cm"
    },
    "printType": "BOOK",
    "categories": [
      "Nature / Animal Rights",
      "Technology & Engineering / Agriculture / Animal Husbandry",
      "Technology & Engineering / Agriculture / Organic"
    ],
    "averageRating": 3,
    "ratingsCount": 2,
    "maturityRating": "NOT_MATURE",
    "allowAnonLogging": false,
    "contentVersion": "0.1.0.0.preview.0",
    "panelizationSummary": {
      "containsEpubBubbles": false,
      "containsImageBubbles": false
    },
    "imageLinks": {
      "smallThumbnail": "http://books.google.com/books/publisher/content?id=rJHqDwAAQBAJ&printsec=frontcover&img=1&zoom=5&edge=curl&imgtk=AFLRE72gQyk9bTrJ2o7hsAbpfnt74kzrzW3eOjzkZ72GmegOj75wQ8qVGePkvYnp_3s9CGwsUs2G7VUFVdJlgtWubKHs9nQeXnB6LjNlXEj41l15RMxgONFrRaK8s5j_w6JVMZfNZqB_&source=gbs_api",
      "thumbnail": "http://books.google.com/books/publisher/content?id=rJHqDwAAQBAJ&printsec=frontcover&img=1&zoom=1&edge=curl&imgtk=AFLRE70-4usGVqTPX_aHNkD9U_rnKzDTW1mRF1-Rm6wDI2T_WyVOwqaahOuETYNK92dpETthgsUmshdCT4iZVSrQrinJ_La05PvJjLaZWPvWmPCaxI9yOwLd5DsvCnAYBOK4_NYXsg7R&source=gbs_api",
      "small": "http://books.google.com/books/publisher/content?id=rJHqDwAAQBAJ&printsec=frontcover&img=1&zoom=2&edge=curl&imgtk=AFLRE72r4AwDb85NeSpURBq35pcWe_J89Fgd5gHmM3Ck0XjwFkdPJ44dCjzCHFNF958vuojpdVY_tn7bq-mDzuZ9Kj7fRa0PONdMJrUmUKq0LmpO-BzXGUcqhmmBNDN2wlel8PajsAua&source=gbs_api",
      "medium": "http://books.google.com/books/publisher/content?id=rJHqDwAAQBAJ&printsec=frontcover&img=1&zoom=3&edge=curl&imgtk=AFLRE73RjMpNqMDa5XuzYcBcPhvYuw6cycMQHeW4B05oNRETis_1N0O0tSblWOB2Qc3dmK6K-Nr2mN9nKDlq4SZIOe8mD4AjXRZF_cLAv4c5ibPAJY_N7O4Z3SlxhPMInRmW33Kiqzng&source=gbs_api",
      "large": "http://books.google.com/books/publisher/content?id=rJHqDwAAQBAJ&printsec=frontcover&img=1&zoom=4&edge=curl&imgtk=AFLRE72XPghjAtYytE8LIQK2nbCcC-PgwuHRoIvEFccZefbcIWlTuOQL7pQoSS5cqOqKAs7wxpeElBrz4naD7IHCtbJqr63X5YiS2Ga4uU9R-tjegkEMEzzjPmtxziQR4QOd8jNm7bLV&source=gbs_api"
    },
    "language": "en",
    "previewLink": "http://books.google.com/books?id=rJHqDwAAQBAJ&hl=&source=gbs_api",
    "infoLink": "https://play.google.com/store/books/details?id=rJHqDwAAQBAJ&source=gbs_api",
    "canonicalVolumeLink": "https://play.google.com/store/books/details?id=rJHqDwAAQBAJ"
  },
  "saleInfo": {
    "country": "US",
    "saleability": "NOT_FOR_SALE",
    "isEbook": false
  },
  "accessInfo": {
    "country": "US",
    "viewability": "PARTIAL",
    "embeddable": true,
    "publicDomain": false,
    "textToSpeechPermission": "ALLOWED",
    "epub": {
      "isAvailable": false
    },
    "pdf": {
      "isAvailable": false
    },
    "webReaderLink": "http://play.google.com/books/reader?id=rJHqDwAAQBAJ&hl=&printsec=frontcover&source=gbs_api",
    "accessViewStatus": "SAMPLE",
    "quoteSharingAllowed": false
  }
}
